{
    "name": "root",
    "gauges": {
        "Lizard.Policy.Entropy.mean": {
            "value": 1.4189382791519165,
            "min": 1.4189382791519165,
            "max": 1.4189382791519165,
            "count": 6
        },
        "Lizard.Policy.Entropy.sum": {
            "value": 43589.78515625,
            "min": 40320.55078125,
            "max": 43589.78515625,
            "count": 6
        },
        "Lizard.Step.mean": {
            "value": 179968.0,
            "min": 29952.0,
            "max": 179968.0,
            "count": 6
        },
        "Lizard.Step.sum": {
            "value": 179968.0,
            "min": 29952.0,
            "max": 179968.0,
            "count": 6
        },
        "Lizard.Policy.ExtrinsicValueEstimate.mean": {
            "value": 3.4460747241973877,
            "min": 3.4460747241973877,
            "max": 3.89552903175354,
            "count": 6
        },
        "Lizard.Policy.ExtrinsicValueEstimate.sum": {
            "value": 809.8275756835938,
            "min": 809.8275756835938,
            "max": 981.67333984375,
            "count": 6
        },
        "Lizard.Policy.RndValueEstimate.mean": {
            "value": 5.569316864013672,
            "min": 5.424015045166016,
            "max": 5.569316864013672,
            "count": 6
        },
        "Lizard.Policy.RndValueEstimate.sum": {
            "value": 1308.7894287109375,
            "min": 1269.219482421875,
            "max": 1400.59423828125,
            "count": 6
        },
        "Lizard.IsTraining.mean": {
            "value": 1.0,
            "min": 1.0,
            "max": 1.0,
            "count": 6
        },
        "Lizard.IsTraining.sum": {
            "value": 1.0,
            "min": 1.0,
            "max": 1.0,
            "count": 6
        },
        "Lizard.Environment.EpisodeLength.mean": {
            "value": 1999.0,
            "min": 1999.0,
            "max": 1999.0,
            "count": 1
        },
        "Lizard.Environment.EpisodeLength.sum": {
            "value": 95952.0,
            "min": 95952.0,
            "max": 95952.0,
            "count": 1
        },
        "Lizard.Environment.CumulativeReward.mean": {
            "value": 2.064581354459127,
            "min": 2.064581354459127,
            "max": 2.064581354459127,
            "count": 1
        },
        "Lizard.Environment.CumulativeReward.sum": {
            "value": 99.09990501403809,
            "min": 99.09990501403809,
            "max": 99.09990501403809,
            "count": 1
        },
        "Lizard.Policy.ExtrinsicReward.mean": {
            "value": 2.064581354459127,
            "min": 2.064581354459127,
            "max": 2.064581354459127,
            "count": 1
        },
        "Lizard.Policy.ExtrinsicReward.sum": {
            "value": 99.09990501403809,
            "min": 99.09990501403809,
            "max": 99.09990501403809,
            "count": 1
        },
        "Lizard.Policy.RndReward.mean": {
            "value": 25514.904008229572,
            "min": 25514.904008229572,
            "max": 25514.904008229572,
            "count": 1
        },
        "Lizard.Policy.RndReward.sum": {
            "value": 1224715.3923950195,
            "min": 1224715.3923950195,
            "max": 1224715.3923950195,
            "count": 1
        }
    },
    "metadata": {
        "timer_format_version": "0.1.0",
        "start_time_seconds": "1717412123",
        "python_version": "3.10.12 | packaged by Anaconda, Inc. | (main, Jul  5 2023, 19:01:18) [MSC v.1916 64 bit (AMD64)]",
        "command_line_arguments": "C:\\Users\\RSheep\\miniconda3\\envs\\mlagents\\Scripts\\mlagents-learn --run-id dqntest1 --force dqn_lizard.yaml",
        "mlagents_version": "1.0.0",
        "mlagents_envs_version": "1.0.0",
        "communication_protocol_version": "1.5.0",
        "pytorch_version": "2.2.2+cu121",
        "numpy_version": "1.23.3",
        "end_time_seconds": "1717412250"
    },
    "total": 127.34914720000234,
    "count": 1,
    "self": 0.003860600001644343,
    "children": {
        "run_training.setup": {
            "total": 0.05681470001582056,
            "count": 1,
            "self": 0.05681470001582056
        },
        "TrainerController.start_learning": {
            "total": 127.28847189998487,
            "count": 1,
            "self": 0.07717549829976633,
            "children": {
                "TrainerController._reset_env": {
                    "total": 8.749032100022305,
                    "count": 1,
                    "self": 8.749032100022305
                },
                "TrainerController.advance": {
                    "total": 118.37985960167134,
                    "count": 4304,
                    "self": 0.07611130131408572,
                    "children": {
                        "env_step": {
                            "total": 107.34482939942973,
                            "count": 4304,
                            "self": 96.78239449718967,
                            "children": {
                                "SubprocessEnvManager._take_step": {
                                    "total": 10.512466501328163,
                                    "count": 4304,
                                    "self": 0.3060753029421903,
                                    "children": {
                                        "TorchPolicy.evaluate": {
                                            "total": 10.206391198385973,
                                            "count": 4304,
                                            "self": 10.206391198385973
                                        }
                                    }
                                },
                                "workers": {
                                    "total": 0.049968400911893696,
                                    "count": 4303,
                                    "self": 0.0,
                                    "children": {
                                        "worker_root": {
                                            "total": 101.59443769982317,
                                            "count": 4303,
                                            "is_parallel": true,
                                            "self": 30.16738930158317,
                                            "children": {
                                                "steps_from_proto": {
                                                    "total": 0.0006321999826468527,
                                                    "count": 1,
                                                    "is_parallel": true,
                                                    "self": 8.179998258128762e-05,
                                                    "children": {
                                                        "_process_rank_one_or_two_observation": {
                                                            "total": 0.0005504000000655651,
                                                            "count": 2,
                                                            "is_parallel": true,
                                                            "self": 0.0005504000000655651
                                                        }
                                                    }
                                                },
                                                "UnityEnvironment.step": {
                                                    "total": 71.42641619825736,
                                                    "count": 4303,
                                                    "is_parallel": true,
                                                    "self": 1.1728416992700659,