{"count":1,"self":89.2890304,"total":89.7705877,"children":{"InitializeActuators":{"count":1,"self":0.0010000999999999999,"total":0.0010000999999999999,"children":null},"InitializeSensors":{"count":1,"self":0.0020009,"total":0.0020009,"children":null},"AgentSendState":{"count":4226,"self":0.056531599999999994,"total":0.2833382,"children":{"CollectObservations":{"count":846,"self":0.0030007999999999996,"total":0.0030007999999999996,"children":null},"WriteActionMask":{"count":846,"self":0.0020006,"total":0.0020006,"children":null},"RequestDecision":{"count":846,"self":0.22080509999999998,"total":0.22180519999999998,"children":{"RayPerceptionSensor.Perceive":{"count":846,"self":0.0010000999999999999,"total":0.0010000999999999999,"children":null}}}}},"DecideAction":{"count":4226,"self":0.1806996,"total":0.1806996,"children":null},"AgentAct":{"count":4226,"self":0.014517299999999999,"total":0.014517299999999999,"children":null}},"gauges":{},"metadata":{"timer_format_version":"0.1.0","start_time_seconds":"1716525573","unity_version":"2023.2.20f1","command_line_arguments":"C:\\Program Files\\Unity\\Hub\\Editor\\2023.2.20f1\\Editor\\Unity.exe -projectpath C:\\Users\\mingz\\Documents\\GitHub\\CS275 -useHub -hubIPC -cloudEnvironment production -licensingIpc LicenseClient-mingz -hubSessionId 97147e10-1952-11ef-a94c-e12a056e5f53 -accessToken vvc1C0fqkN5HGuB6-bShR13_jb7c5srXJxgqes1u-N8012f","communication_protocol_version":"1.5.0","com.unity.ml-agents_version":"2.0.1","scene_name":"MingTest","end_time_seconds":"1716525663"}}