{"count":1,"self":18.1185488,"total":62.695313199999994,"children":{"InitializeActuators":{"count":36,"self":0.001,"total":0.001,"children":null},"InitializeSensors":{"count":36,"self":0.0010000999999999999,"total":0.0010000999999999999,"children":null},"AgentSendState":{"count":12317,"self":0.15161629999999998,"total":8.0445432999999991,"children":{"CollectObservations":{"count":88704,"self":0.28538369999999996,"total":0.28538369999999996,"children":null},"WriteActionMask":{"count":88704,"self":0.0217049,"total":0.0217049,"children":null},"RequestDecision":{"count":88704,"self":0.0971442,"total":7.5858384,"children":{"AgentInfo.ToProto":{"count":88704,"self":0.0896522,"total":7.4886941999999994,"children":{"GenerateSensorData":{"count":88704,"self":7.3990415999999994,"total":7.399042,"children":null}}}}}}},"DecideAction":{"count":12317,"self":34.7723328,"total":34.7723339,"children":null},"AgentAct":{"count":12317,"self":1.7167219999999999,"total":1.7578869,"children":{"AgentInfo.ToProto":{"count":155,"self":0,"total":0.041165,"children":{"GenerateSensorData":{"count":155,"self":0.041165,"total":0.041165,"children":null}}}}}},"gauges":{"Lizard.CumulativeReward":{"count":155,"max":6538.73926,"min":29.3924866,"runningAverage":1425.54614,"value":2198.27,"weightedAverage":1941.76587}},"metadata":{"timer_format_version":"0.1.0","start_time_seconds":"1717496268","unity_version":"2023.2.20f1","command_line_arguments":"C:\\Program Files\\Unity\\Hub\\Editor\\2023.2.20f1\\Editor\\Unity.exe -projectpath D:\\GitHub\\CS275 -useHub -hubIPC -cloudEnvironment production -licensingIpc LicenseClient-RSheep -hubSessionId cfb6b547-3471-4a0c-8221-859b7bbf833c -accessToken cUMy46xGuaNCUXC7OkC2EhU3bkvA5UU-XivfQStNytg001f","communication_protocol_version":"1.5.0","com.unity.ml-agents_version":"2.0.1","scene_name":"MingTest","end_time_seconds":"1717496331"}}