{
    "name": "root",
    "gauges": {
        "Lizard.Policy.Entropy.mean": {
            "value": 2.1902339458465576,
            "min": 2.187001943588257,
            "max": 2.1902339458465576,
            "count": 3
        },
        "Lizard.Policy.Entropy.sum": {
            "value": 65365.34375,
            "min": 10077.705078125,
            "max": 65755.8125,
            "count": 3
        },
        "Lizard.Environment.EpisodeLength.mean": {
            "value": 570.1016949152543,
            "min": 106.0,
            "max": 570.1016949152543,
            "count": 3
        },
        "Lizard.Environment.EpisodeLength.sum": {
            "value": 33636.0,
            "min": 106.0,
            "max": 33636.0,
            "count": 3
        },
        "Lizard.Step.mean": {
            "value": 12329920.0,
            "min": 12269897.0,
            "max": 12329920.0,
            "count": 3
        },
        "Lizard.Step.sum": {
            "value": 12329920.0,
            "min": 12269897.0,
            "max": 12329920.0,
            "count": 3
        },
        "Lizard.Policy.ExtrinsicValueEstimate.mean": {
            "value": 88.40631103515625,
            "min": -65.3521957397461,
            "max": 88.40631103515625,
            "count": 3
        },
        "Lizard.Policy.ExtrinsicValueEstimate.sum": {
            "value": 23339.265625,
            "min": -7360.62744140625,
            "max": 23339.265625,
            "count": 3
        },
        "Lizard.Policy.RndValueEstimate.mean": {
            "value": 2.5958163738250732,
            "min": 2.5958163738250732,
            "max": 3.2816662788391113,
            "count": 3
        },
        "Lizard.Policy.RndValueEstimate.sum": {
            "value": 685.2955322265625,
            "min": 59.06999206542969,
            "max": 732.866455078125,
            "count": 3
        },
        "Lizard.Environment.CumulativeReward.mean": {
            "value": 1637.7110673290188,
            "min": 286.577880859375,
            "max": 1637.7110673290188,
            "count": 3
        },
        "Lizard.Environment.CumulativeReward.sum": {
            "value": 96624.95297241211,
            "min": 286.577880859375,
            "max": 96624.95297241211,
            "count": 3
        },
        "Lizard.Policy.ExtrinsicReward.mean": {
            "value": 1637.7110673290188,
            "min": 286.577880859375,
            "max": 1637.7110673290188,
            "count": 3
        },
        "Lizard.Policy.ExtrinsicReward.sum": {
            "value": 96624.95297241211,
            "min": 286.577880859375,
            "max": 96624.95297241211,
            "count": 3
        },
        "Lizard.Policy.RndReward.mean": {
            "value": 14.227701936548543,
            "min": 4.650410175323486,
            "max": 14.227701936548543,
            "count": 3
        },
        "Lizard.Policy.RndReward.sum": {
            "value": 839.4344142563641,
            "min": 4.650410175323486,
            "max": 839.4344142563641,
            "count": 3
        },
        "Lizard.IsTraining.mean": {
            "value": 1.0,
            "min": 1.0,
            "max": 1.0,
            "count": 3
        },
        "Lizard.IsTraining.sum": {
            "value": 1.0,
            "min": 1.0,
            "max": 1.0,
            "count": 3
        },
        "Lizard.Losses.PolicyLoss.mean": {
            "value": 0.02351500578224659,
            "min": 0.02170138271876062,
            "max": 0.02351500578224659,
            "count": 2
        },
        "Lizard.Losses.PolicyLoss.sum": {
            "value": 0.07054501734673976,
            "min": 0.04340276543752124,
            "max": 0.07054501734673976,
            "count": 2
        },
        "Lizard.Losses.ValueLoss.mean": {
            "value": 396.0359970092773,
            "min": 355.60984293619794,
            "max": 396.0359970092773,
            "count": 2
        },
        "Lizard.Losses.ValueLoss.sum": {
            "value": 1188.107991027832,
            "min": 711.2196858723959,
            "max": 1188.107991027832,
            "count": 2
        },
        "Lizard.Policy.LearningRate.mean": {
            "value": 0.0002926131170622951,
            "min": 0.0002926131170622951,
            "max": 0.00029262855275714986,
            "count": 2
        },
        "Lizard.Policy.LearningRate.sum": {
            "value": 0.0008778393511868853,
            "min": 0.0005852571055142997,
            "max": 0.0008778393511868853,
            "count": 2
        },
        "Lizard.Policy.Epsilon.mean": {
            "value": 0.19753770486666675,
            "min": 0.19753770486666675,
            "max": 0.1975428501,
            "count": 2
        },
        "Lizard.Policy.Epsilon.sum": {
            "value": 0.5926131146000002,
            "min": 0.3950857002,
            "max": 0.5926131146000002,
            "count": 2
        },
        "Lizard.Policy.Beta.mean": {
            "value": 0.00975401671618,
            "min": 0.00975401671618,
            "max": 0.009754530724990003,
            "count": 2
        },
        "Lizard.Policy.Beta.sum": {
            "value": 0.029262050148539998,
            "min": 0.019509061449980006,
            "max": 0.029262050148539998,
            "count": 2
        },
        "Lizard.Losses.RNDLoss.mean": {
            "value": 2.722447395324707,
            "min": 2.722447395324707,
            "max": 2.938480854034424,
            "count": 2
        },
        "Lizard.Losses.RNDLoss.sum": {
            "value": 8.167342185974121,
            "min": 5.876961708068848,
            "max": 8.167342185974121,
            "count": 2
        }
    },
    "metadata": {
        "timer_format_version": "0.1.0",
        "start_time_seconds": "1717496257",
        "python_version": "3.10.12 | packaged by Anaconda, Inc. | (main, Jul  5 2023, 19:01:18) [MSC v.1916 64 bit (AMD64)]",
        "command_line_arguments": "C:\\Users\\RSheep\\miniconda3\\envs\\mlagents\\Scripts\\mlagents-learn dqn_lizard.yaml --resume",
        "mlagents_version": "1.0.0",
        "mlagents_envs_version": "1.0.0",
        "communication_protocol_version": "1.5.0",
        "pytorch_version": "2.2.2+cu121",
        "numpy_version": "1.23.3",
        "end_time_seconds": "1717496336"
    },
    "total": 78.63181519997306,
    "count": 1,
    "self": 0.0037623000098392367,
    "children": {
        "run_training.setup": {
            "total": 0.05802009999752045,
            "count": 1,
            "self": 0.05802009999752045
        },
        "TrainerController.start_learning": {
            "total": 78.5700327999657,
            "count": 1,
            "self": 0.0410974002443254,
            "children": {
                "TrainerController._reset_env": {
                    "total": 13.306762500025798,
                    "count": 1,
                    "self": 13.306762500025798
                },
                "TrainerController.advance": {
                    "total": 65.13394859968685,
                    "count": 2587,
                    "self": 0.040437000221572816,
                    "children": {
                        "env_step": {
                            "total": 48.713669098506216,
                            "count": 2587,
                            "self": 43.33779589977348,
                            "children": {
                                "SubprocessEnvManager._take_step": {
                                    "total": 5.348619798547588,
                                    "count": 2587,
                                    "self": 0.15349879779387265,
                                    "children": {
                                        "TorchPolicy.evaluate": {
                                            "total": 5.195121000753716,
                                            "count": 2461,