{
    "name": "root",
    "gauges": {
        "Lizard.Policy.Entropy.mean": {
            "value": 2.9289722442626953,
            "min": 2.9283251762390137,
            "max": 2.9289722442626953,
            "count": 2
        },
        "Lizard.Policy.Entropy.sum": {
            "value": 88150.3515625,
            "min": 20310.86328125,
            "max": 88150.3515625,
            "count": 2
        },
        "Lizard.Environment.EpisodeLength.mean": {
            "value": 144.8252427184466,
            "min": 120.80851063829788,
            "max": 144.8252427184466,
            "count": 2
        },
        "Lizard.Environment.EpisodeLength.sum": {
            "value": 29834.0,
            "min": 5678.0,
            "max": 29834.0,
            "count": 2
        },
        "Lizard.Step.mean": {
            "value": 15389938.0,
            "min": 15359898.0,
            "max": 15389938.0,
            "count": 2
        },
        "Lizard.Step.sum": {
            "value": 15389938.0,
            "min": 15359898.0,
            "max": 15389938.0,
            "count": 2
        },
        "Lizard.Policy.ExtrinsicValueEstimate.mean": {
            "value": -42.1676139831543,
            "min": -42.1676139831543,
            "max": -39.426395416259766,
            "count": 2
        },
        "Lizard.Policy.ExtrinsicValueEstimate.sum": {
            "value": -14379.15625,
            "min": -14379.15625,
            "max": -2917.55322265625,
            "count": 2
        },
        "Lizard.Policy.RndValueEstimate.mean": {
            "value": 264.8240051269531,
            "min": 264.8240051269531,
            "max": 265.1131286621094,
            "count": 2
        },
        "Lizard.Policy.RndValueEstimate.sum": {
            "value": 90304.984375,
            "min": 19618.37109375,
            "max": 90304.984375,
            "count": 2
        },
        "Lizard.Environment.CumulativeReward.mean": {
            "value": -98.64553896894732,
            "min": -98.82490251419392,
            "max": -98.64553896894732,
            "count": 2
        },
        "Lizard.Environment.CumulativeReward.sum": {
            "value": -20320.98102760315,
            "min": -20320.98102760315,
            "max": -4644.770418167114,
            "count": 2
        },
        "Lizard.Policy.ExtrinsicReward.mean": {
            "value": -98.64553896894732,
            "min": -98.82490251419392,
            "max": -98.64553896894732,
            "count": 2
        },
        "Lizard.Policy.ExtrinsicReward.sum": {
            "value": -20320.98102760315,
            "min": -20320.98102760315,
            "max": -4644.770418167114,
            "count": 2
        },
        "Lizard.Policy.RndReward.mean": {
            "value": 397.295292882086,
            "min": 332.6482103530397,
            "max": 397.295292882086,
            "count": 2
        },
        "Lizard.Policy.RndReward.sum": {
            "value": 81842.83033370972,
            "min": 15634.465886592865,
            "max": 81842.83033370972,
            "count": 2
        },
        "Lizard.IsTraining.mean": {
            "value": 1.0,
            "min": 1.0,
            "max": 1.0,
            "count": 2
        },
        "Lizard.IsTraining.sum": {
            "value": 1.0,
            "min": 1.0,
            "max": 1.0,
            "count": 2
        },
        "Lizard.Losses.PolicyLoss.mean": {
            "value": 0.025318483545884698,
            "min": 0.025318483545884698,
            "max": 0.025318483545884698,
            "count": 1
        },
        "Lizard.Losses.PolicyLoss.sum": {
            "value": 0.07595545063765409,
            "min": 0.07595545063765409,
            "max": 0.07595545063765409,
            "count": 1
        },
        "Lizard.Losses.ValueLoss.mean": {
            "value": 91.01325857374404,
            "min": 91.01325857374404,
            "max": 91.01325857374404,
            "count": 1
        },
        "Lizard.Losses.ValueLoss.sum": {
            "value": 273.0397757212321,
            "min": 273.0397757212321,
            "max": 273.0397757212321,
            "count": 1
        },
        "Lizard.Policy.LearningRate.mean": {
            "value": 0.00029077550887483144,
            "min": 0.00029077550887483144,
            "max": 0.00029077550887483144,
            "count": 1
        },
        "Lizard.Policy.LearningRate.sum": {
            "value": 0.0008723265266244943,
            "min": 0.0008723265266244943,
            "max": 0.0008723265266244943,
            "count": 1
        },
        "Lizard.Policy.Epsilon.mean": {
            "value": 0.19692516860000006,
            "min": 0.19692516860000006,
            "max": 0.19692516860000006,
            "count": 1
        },
        "Lizard.Policy.Epsilon.sum": {
            "value": 0.5907755058000002,
            "min": 0.5907755058000002,
            "max": 0.5907755058000002,
            "count": 1
        },
        "Lizard.Policy.Beta.mean": {
            "value": 0.009692824343139998,
            "min": 0.009692824343139998,
            "max": 0.009692824343139998,
            "count": 1
        },
        "Lizard.Policy.Beta.sum": {
            "value": 0.029078473029419995,
            "min": 0.029078473029419995,
            "max": 0.029078473029419995,
            "count": 1
        },
        "Lizard.Losses.RNDLoss.mean": {
            "value": 273.2220153808594,
            "min": 273.2220153808594,
            "max": 273.2220153808594,
            "count": 1
        },
        "Lizard.Losses.RNDLoss.sum": {
            "value": 819.666015625,
            "min": 819.666015625,
            "max": 819.666015625,
            "count": 1
        }
    },
    "metadata": {
        "timer_format_version": "0.1.0",
        "start_time_seconds": "1717450906",
        "python_version": "3.10.12 | packaged by Anaconda, Inc. | (main, Jul  5 2023, 19:01:18) [MSC v.1916 64 bit (AMD64)]",
        "command_line_arguments": "C:\\Users\\RSheep\\miniconda3\\envs\\mlagents\\Scripts\\mlagents-learn dqn_lizard.yaml --resume",
        "mlagents_version": "1.0.0",
        "mlagents_envs_version": "1.0.0",
        "communication_protocol_version": "1.5.0",
        "pytorch_version": "2.2.2+cu121",
        "numpy_version": "1.23.3",
        "end_time_seconds": "1717450976"
    },
    "total": 69.40268619998824,
    "count": 1,
    "self": 0.0035938999499194324,
    "children": {
        "run_training.setup": {
            "total": 0.05633400002261624,
            "count": 1,
            "self": 0.05633400002261624
        },
        "TrainerController.start_learning": {
            "total": 69.3427583000157,
            "count": 1,
            "self": 0.058118098648265004,
            "children": {
                "TrainerController._reset_env": {
                    "total": 9.481229999975767,
                    "count": 1,
                    "self": 9.481229999975767
                },
                "TrainerController.advance": {
                    "total": 59.685828201356344,
                    "count": 4007,
                    "self": 0.0551524015609175,
                    "children": {
                        "env_step": {
                            "total": 50.74316920037381,
                            "count": 4007,
                            "self": 42.117573500901926,
                            "children": {
                                "SubprocessEnvManager._take_step": {
                                    "total": 8.589231599413324,
                                    "count": 4007,
                                    "self": 0.28703129943460226,
                                    "children": {
                                        "TorchPolicy.evaluate": {
                                            "total": 8.302200299978722,
                                            "count": 3764,