{
    "name": "root",
    "gauges": {
        "Lizard.Policy.Entropy.mean": {
            "value": 3.7475943565368652,
            "min": 1.4187450408935547,
            "max": 3.7475943565368652,
            "count": 1186
        },
        "Lizard.Policy.Entropy.sum": {
            "value": 112165.5,
            "min": 41661.34765625,
            "max": 113613.875,
            "count": 1186
        },
        "Lizard.Environment.EpisodeLength.mean": {
            "value": 545.4545454545455,
            "min": 127.34666666666666,
            "max": 850.5,
            "count": 1186
        },
        "Lizard.Environment.EpisodeLength.sum": {
            "value": 30000.0,
            "min": 19438.0,
            "max": 40077.0,
            "count": 1186
        },
        "Lizard.Step.mean": {
            "value": 35579933.0,
            "min": 29976.0,
            "max": 35579933.0,
            "count": 1186
        },
        "Lizard.Step.sum": {
            "value": 35579933.0,
            "min": 29976.0,
            "max": 35579933.0,
            "count": 1186
        },
        "Lizard.Policy.ExtrinsicValueEstimate.mean": {
            "value": -71.10893249511719,
            "min": -84.983154296875,
            "max": -8.11412525177002,
            "count": 1186
        },
        "Lizard.Policy.ExtrinsicValueEstimate.sum": {
            "value": -18772.7578125,
            "min": -24361.013671875,
            "max": -2775.03076171875,
            "count": 1186
        },
        "Lizard.Policy.RndValueEstimate.mean": {
            "value": 0.2733388841152191,
            "min": 0.05360995605587959,
            "max": 6.325926303863525,
            "count": 1186
        },
        "Lizard.Policy.RndValueEstimate.sum": {
            "value": 72.16146850585938,
            "min": 16.243816375732422,
            "max": 2100.20751953125,
            "count": 1186
        },
        "Lizard.Environment.CumulativeReward.mean": {
            "value": -433.0044740483697,
            "min": -689.506949191913,
            "max": -126.69038652329364,
            "count": 1186
        },
        "Lizard.Environment.CumulativeReward.sum": {
            "value": -24248.250546708703,
            "min": -34817.997140049934,
            "max": -15230.894658595324,
            "count": 1186
        },
        "Lizard.Policy.ExtrinsicReward.mean": {
            "value": -433.0044740483697,
            "min": -689.506949191913,
            "max": -126.69038652329364,
            "count": 1186
        },
        "Lizard.Policy.ExtrinsicReward.sum": {
            "value": -24248.250546708703,
            "min": -34817.997140049934,
            "max": -15230.894658595324,
            "count": 1186
        },
        "Lizard.Policy.RndReward.mean": {
            "value": 1.4128362710304958,
            "min": 0.591376839665314,
            "max": 28.430581293051894,
            "count": 1186
        },
        "Lizard.Policy.RndReward.sum": {
            "value": 79.11883117770776,
            "min": 51.51087880786508,
            "max": 6254.7278844714165,
            "count": 1186
        },
        "Lizard.Losses.PolicyLoss.mean": {
            "value": 0.019401267801003996,
            "min": 0.0170201316760439,
            "max": 0.03023453644903687,
            "count": 1186
        },
        "Lizard.Losses.PolicyLoss.sum": {
            "value": 0.05820380340301199,
            "min": 0.03765113401750568,
            "max": 0.09070360934711061,
            "count": 1186
        },
        "Lizard.Losses.ValueLoss.mean": {
            "value": 29.678326903449165,
            "min": 25.58834932115343,
            "max": 249.39651006062826,
            "count": 1186
        },
        "Lizard.Losses.ValueLoss.sum": {
            "value": 89.0349807103475,
            "min": 55.092866516113276,
            "max": 498.7930201212565,
            "count": 1186
        },
        "Lizard.Policy.LearningRate.mean": {
            "value": 0.0002786616607127821,
            "min": 0.0002786616607127821,
            "max": 0.000299990733003089,
            "count": 1186
        },
        "Lizard.Policy.LearningRate.sum": {
            "value": 0.0008359849821383462,
            "min": 0.0005575025385658253,
            "max": 0.0008999255688248104,
            "count": 1186
        },
        "Lizard.Policy.Epsilon.mean": {
            "value": 0.1928872178666667,
            "min": 0.1928872178666667,
            "max": 0.199996911,
            "count": 1186
        },
        "Lizard.Policy.Epsilon.sum": {
            "value": 0.5786616536000001,
            "min": 0.3858341747999999,
            "max": 0.5999751896000001,
            "count": 1186
        },
        "Lizard.Policy.Beta.mean": {
            "value": 0.009289433064880002,
            "min": 0.009289433064880002,
            "max": 0.0099996914089,
            "count": 1186
        },
        "Lizard.Policy.Beta.sum": {
            "value": 0.027868299194640005,
            "min": 0.01858483406252,
            "max": 0.029997521441039995,
            "count": 1186
        },
        "Lizard.Losses.RNDLoss.mean": {
            "value": 0.31731587648391724,
            "min": 0.2433195561170578,
            "max": 20.227771759033203,
            "count": 1186
        },
        "Lizard.Losses.RNDLoss.sum": {
            "value": 0.9519476294517517,
            "min": 0.5092999935150146,
            "max": 40.455543518066406,
            "count": 1186
        },
        "Lizard.IsTraining.mean": {
            "value": 1.0,
            "min": 1.0,
            "max": 1.0,
            "count": 1186
        },
        "Lizard.IsTraining.sum": {
            "value": 1.0,
            "min": 1.0,
            "max": 1.0,
            "count": 1186
        }
    },
    "metadata": {
        "timer_format_version": "0.1.0",
        "start_time_seconds": "1717498573",
        "python_version": "3.10.12 | packaged by Anaconda, Inc. | (main, Jul  5 2023, 19:01:18) [MSC v.1916 64 bit (AMD64)]",
        "command_line_arguments": "C:\\Users\\RSheep\\miniconda3\\envs\\mlagents\\Scripts\\mlagents-learn dqn_lizard.yaml --force",
        "mlagents_version": "1.0.0",
        "mlagents_envs_version": "1.0.0",
        "communication_protocol_version": "1.5.0",
        "pytorch_version": "2.2.2+cu121",
        "numpy_version": "1.23.3",
        "end_time_seconds": "1717526443"
    },
    "total": 27869.99164229998,
    "count": 1,
    "self": 0.006700699974317104,
    "children": {
        "run_training.setup": {
            "total": 0.05578819999936968,
            "count": 1,
            "self": 0.05578819999936968
        },
        "TrainerController.start_learning": {
            "total": 27869.929153400008,
            "count": 1,
            "self": 18.576419683056884,
            "children": {
                "TrainerController._reset_env": {
                    "total": 15.521743700024672,
                    "count": 1,
                    "self": 15.521743700024672
                },
                "TrainerController.advance": {
                    "total": 27835.4747915169,
                    "count": 933806,
                    "self": 17.18294872867409,
                    "children": {
                        "env_step": {
                            "total": 17315.923849289946,
                            "count": 933806,
                            "self": 15231.088140835345,
                            "children": {
                                "SubprocessEnvManager._take_step": {
                                    "total": 2073.0594974993146,
                                    "count": 933806,
                                    "self": 62.231543210626114,
                                    "children": {
                                        "TorchPolicy.evaluate": {
                                            "total": 2010.8279542886885,
                                            "count": 868034,